{
	"data": {
		"monthEnergy": 2.6599999999999997,
		"cumulativeEnergy": 2.6599999999999997,
		"existMeter": false,
		"dailyEnergy": 0.15,
		"yearEnergy": 2.6599999999999997
	}
}